name,model,accuracy,precision,recall,f1,kappa,f1_ci_lo,f1_ci_hi,kappa_ci_lo,kappa_ci_hi,total_cost_usd,mean_cost_usd,total_latency_s,mean_latency_s
claude-sonnet-4-6_zero_shot,claude-sonnet-4-6,0.7476190476190476,0.3157894736842105,0.21176470588235294,0.2535211267605634,0.10870870870870863,0.15873015873015872,0.3473324319103728,0.007192949907235741,0.21253198850201288,1.5127410000000003,0.05042470000000001,168.87370225005725,5.629123408335242
claude-sonnet-4-6_few_shot,claude-sonnet-4-6,0.7761904761904762,0.4,0.21176470588235294,0.27692307692307694,0.15910543130990407,0.18032417663565206,0.3750234962406015,0.05595077987280023,0.2687295693436388,3.2039459999999984,0.10679819999999994,174.27921808195242,5.809307269398414
gemini-2.5-pro_zero_shot,gemini-2.5-pro,0.7309523809523809,0.26666666666666666,0.18823529411764706,0.2206896551724138,0.06390532544378702,0.12799148936170213,0.30666666666666664,-0.03560122240446248,0.16411951086281562,1.1936449999999998,0.03978816666666666,659.2545520039857,21.97515173346619
gemini-2.5-pro_few_shot,gemini-2.5-pro,0.7476190476190476,0.32786885245901637,0.23529411764705882,0.273972602739726,0.12620215897939147,0.18297682709447416,0.36489357004062883,0.023190712811973796,0.23783378374090167,2.5543249999999995,0.08514416666666665,683.1727837930375,22.772426126434585
gemini-2.5-flash_zero_shot,gemini-2.5-flash,0.7047619047619048,0.24,0.21176470588235294,0.225,0.04352617079889809,0.14568934376881396,0.30864404673129503,-0.04614858876819118,0.1456950394146125,0.15329759999999998,0.00510992,474.56048512006237,15.818682837335412
gemini-2.5-flash_few_shot,gemini-2.5-flash,0.7,0.23376623376623376,0.21176470588235294,0.2222222222222222,0.03694267515923577,0.14178624443344884,0.3016759776536313,-0.05221699966906599,0.1289341133572574,0.31477109999999997,0.010492369999999999,457.5053455019806,15.250178183399354
